0;package 1;package 2;package 3
1;"""Let's say a country like Germany would like to implement UBI. Currently the minimum wage is 18.000 Euro per year. So let's say that for the ease of calculation UBI would be just 10.000 Euro per year. With a population of 80 million, that would be an expenditure of 800 billion Euros.""

UBI is just a redistribution of wealth.

In the naive from, you tax everyone an additional $10K, and then you give everyone their $10K back, and everyone has the same amount of money so there's no problem.

In the slightly more real version, you raise taxes enough to get an average of $10K per person, but you do it using standard progressive taxation methods, getting most of it from the rich and successful. Just like all taxes.

The purpose of UBI is to redistribute income in an economy that makes enough for everyone but which has massive inequality and therefore leaves a lot of people with less than they need. It's not about what the government can afford, it's just about how much money to take away from who in order to give it to everyone else.";"""Let's say a country like Germany would like to implement UBI. Currently the minimum wage is 18.000 Euro per year. So let's say that for the ease of calculation UBI would be just 10.000 Euro per year. With a population of 80 million, that would be an expenditure of 800 billion Euros.""

UBI is just a redistribution of wealth.

In the naive from, you tax everyone an additional $10K, and then you give everyone their $10K back, and everyone has the same amount of money so there's no problem.

In the slightly more real version, you raise taxes enough to get an average of $10K per person, but you do it using standard progressive taxation methods, getting most of it from the rich and successful. Just like all taxes.

The purpose of UBI is to redistribute income in an economy that makes enough for everyone but which has massive inequality and therefore leaves a lot of people with less than they need. It's not about what the government can afford, it's just about how much money to take away from who in order to give it to everyone else.";"""Let's say a country like Germany would like to implement UBI. Currently the minimum wage is 18.000 Euro per year. So let's say that for the ease of calculation UBI would be just 10.000 Euro per year. With a population of 80 million, that would be an expenditure of 800 billion Euros.""

UBI is just a redistribution of wealth.

In the naive from, you tax everyone an additional $10K, and then you give everyone their $10K back, and everyone has the same amount of money so there's no problem.

In the slightly more real version, you raise taxes enough to get an average of $10K per person, but you do it using standard progressive taxation methods, getting most of it from the rich and successful. Just like all taxes.

The purpose of UBI is to redistribute income in an economy that makes enough for everyone but which has massive inequality and therefore leaves a lot of people with less than they need. It's not about what the government can afford, it's just about how much money to take away from who in order to give it to everyone else."
2;halle;halle;halle
3;hello;hello;hello